path	line	pattern	class	action
AGENTS-README-FIRST.yaml	8	protocol	protocol	leave
AGENTS-README-FIRST.yaml	72	MCP_	sentinel	leave-sentinel
AGENTS-README-FIRST.yaml	204	mcpserver-repl	product-tool	alias-resolve
AGENTS-README-FIRST.yaml	250	mcpserver-repl	product-tool	alias-resolve
AGENTS-README-FIRST.yaml	297	MCP_	sentinel	leave-sentinel
AGENTS-README-FIRST.yaml	366	protocol	protocol	leave
session-ses_1ac3.md	2623	protocol	protocol	leave
session-ses_1ac3.md	2627	protocol	protocol	leave
session-ses_1ac3.md	3497	protocol	protocol	leave
session-ses_1ac3.md	3530	MCP_	sentinel	leave-sentinel
session-ses_1ac3.md	3634	mcpserver-repl	product-tool	alias-resolve
session-ses_1ac3.md	3650	MCP_	sentinel	leave-sentinel
session-ses_1ac3.md	3710	protocol	protocol	leave
session-ses_1ac3.md	6203	mcpserver-repl	product-tool	alias-resolve
session-ses_1ac3.md	6622	mcpserver-repl	product-tool	alias-resolve
session-ses_1ac3.md	7019	mcpserver-repl	product-tool	alias-resolve
session-ses_1ac3.md	7272	mcpserver-repl	product-tool	alias-resolve
session-ses_1ac3.md	7376	mcpserver-repl	product-tool	alias-resolve
tests/McpServerManager.Director.Tests/MarkerSignatureTests.cs	69	protocol	protocol	leave
